﻿{
  "WatchFace_Info": {
    "DeviceName": "GTR4",
    "WatchFaceId": 6690803,
    "Preview": "Preview"
  },
  "ScreenNormal": {
    "Background": {
      "visible": true,
      "BackgroundImage": {
        "position": -1,
        "visible": false,
        "show_level": "",
        "x": 0,
        "y": 0,
        "w": 466,
        "h": 466,
        "src": "BG_1"
      }
    },
    "Elements": [
      {
        "elementName": "ElementBattery",
        "visible": true,
        "Images": {
          "position": 7,
          "visible": false,
          "show_level": "",
          "X": 0,
          "Y": 0,
          "image_length": 0
        },
        "Segments": {
          "position": 6,
          "visible": false,
          "show_level": "",
          "image_length": 0
        },
        "Number": {
          "position": 5,
          "visible": true,
          "align": "RIGHT",
          "show_level": "",
          "imageX": 271,
          "imageY": 299,
          "space": 3,
          "zero": false,
          "img_First": "10",
          "unit": "RAIO",
          "imperial_unit": "",
          "icon": "",
          "iconPosX": 0,
          "iconPosY": 0,
          "invalid_image": "",
          "dot_image": "",
          "follow": false
        },
        "Pointer": {
          "position": 4,
          "visible": false,
          "show_level": "",
          "center_x": 0,
          "center_y": 0,
          "pos_x": 0,
          "pos_y": 0,
          "start_angle": 0,
          "end_angle": 360,
          "cover_x": 0,
          "cover_y": 0,
          "scale_x": 0,
          "scale_y": 0
        },
        "Circle_Scale": {
          "position": 3,
          "visible": false,
          "end_angle": 180,
          "show_level": "",
          "center_x": 0,
          "center_y": 0,
          "start_angle": 0,
          "color": "0xFFFF8C00",
          "radius": 100,
          "line_width": 5,
          "line_cap": "Rounded",
          "mirror": false,
          "inversion": false
        },
        "Linear_Scale": {
          "position": 2,
          "visible": false,
          "show_level": "",
          "start_x": 0,
          "start_y": 0,
          "color": "0xFFFF8C00",
          "lenght": 100,
          "line_width": 5,
          "line_cap": "Flat",
          "mirror": false,
          "inversion": false,
          "vertical": false
        },
        "Icon": {
          "position": 1,
          "visible": false,
          "show_level": "",
          "x": 0,
          "y": 0
        }
      },
      {
        "elementName": "DateWeek",
        "visible": true,
        "Pointer": {
          "position": 2,
          "visible": false,
          "show_level": "",
          "center_x": 0,
          "center_y": 0,
          "pos_x": 0,
          "pos_y": 0,
          "start_angle": 0,
          "end_angle": 360,
          "cover_x": 0,
          "cover_y": 0,
          "scale_x": 0,
          "scale_y": 0
        },
        "Images": {
          "position": 1,
          "visible": true,
          "show_level": "",
          "X": 116,
          "Y": 292,
          "img_First": "32",
          "image_length": 7
        }
      },
      {
        "elementName": "DateYear",
        "visible": true,
        "Number": {
          "position": -1,
          "visible": false,
          "align": "CENTER_H",
          "show_level": "",
          "imageX": 271,
          "imageY": 140,
          "space": 0,
          "zero": true,
          "img_First": "10",
          "unit": "",
          "imperial_unit": "",
          "icon": "",
          "iconPosX": 0,
          "iconPosY": 0,
          "invalid_image": "",
          "dot_image": "",
          "follow": false
        }
      },
      {
        "elementName": "DateMonth",
        "visible": true,
        "Pointer": {
          "position": 3,
          "visible": false,
          "show_level": "",
          "center_x": 0,
          "center_y": 0,
          "pos_x": 0,
          "pos_y": 0,
          "start_angle": 0,
          "end_angle": 360,
          "cover_x": 0,
          "cover_y": 0,
          "scale_x": 0,
          "scale_y": 0
        },
        "Number": {
          "position": 2,
          "visible": false,
          "align": "LEFT",
          "show_level": "",
          "imageX": 0,
          "imageY": 0,
          "space": 0,
          "zero": false,
          "iconPosX": 0,
          "iconPosY": 0,
          "follow": false
        },
        "Images": {
          "position": 1,
          "visible": true,
          "show_level": "",
          "X": 182,
          "Y": 138,
          "img_First": "20",
          "image_length": 12
        }
      },
      {
        "elementName": "DateDay",
        "visible": true,
        "Pointer": {
          "position": 2,
          "visible": false,
          "show_level": "",
          "center_x": 0,
          "center_y": 0,
          "pos_x": 0,
          "pos_y": 0,
          "start_angle": 0,
          "end_angle": 360,
          "cover_x": 0,
          "cover_y": 0,
          "scale_x": 0,
          "scale_y": 0
        },
        "Number": {
          "position": 1,
          "visible": true,
          "align": "CENTER_H",
          "show_level": "",
          "imageX": 147,
          "imageY": 140,
          "space": 0,
          "zero": true,
          "img_First": "10",
          "unit": "",
          "imperial_unit": "",
          "icon": "",
          "iconPosX": 0,
          "iconPosY": 0,
          "invalid_image": "",
          "dot_image": "",
          "follow": false
        }
      },
      {
        "elementName": "DigitalTime",
        "visible": false,
        "Second": {
          "position": 4,
          "visible": false,
          "align": "LEFT",
          "show_level": "",
          "imageX": 0,
          "imageY": 0,
          "space": 0,
          "zero": false,
          "iconPosX": 0,
          "iconPosY": 0,
          "follow": false
        },
        "Minute": {
          "position": 3,
          "visible": true,
          "align": "CENTER_H",
          "show_level": "",
          "imageX": 249,
          "imageY": 176,
          "space": 14,
          "zero": true,
          "img_First": "00",
          "unit": "",
          "imperial_unit": "",
          "icon": "",
          "iconPosX": 0,
          "iconPosY": 0,
          "invalid_image": "",
          "dot_image": "",
          "follow": false
        },
        "Hour": {
          "position": 2,
          "visible": true,
          "align": "CENTER_H",
          "show_level": "",
          "imageX": 101,
          "imageY": 176,
          "space": 14,
          "zero": true,
          "img_First": "00",
          "unit": "",
          "imperial_unit": "",
          "icon": "PONTS",
          "iconPosX": 222,
          "iconPosY": 176,
          "invalid_image": "",
          "follow": false
        },
        "AmPm": {
          "position": 1,
          "visible": true,
          "show_level": "",
          "am_x": 385,
          "am_y": 187,
          "am_img": "AM",
          "pm_x": 385,
          "pm_y": 253,
          "pm_img": "PM"
        }
      },
      {
        "elementName": "AnalogTime",
        "visible": true,
        "show_level": "",
        "Second": {
          "position": 3,
          "visible": true,
          "show_level": "",
          "src": "SEG",
          "center_x": 233,
          "center_y": 233,
          "pos_x": 233,
          "pos_y": 233,
          "start_angle": 0,
          "end_angle": 360,
          "cover_path": "MEIO",
          "cover_x": 220,
          "cover_y": 220,
          "scale": "",
          "scale_x": 0,
          "scale_y": 0
        },
        "Minute": {
          "position": 2,
          "visible": true,
          "show_level": "",
          "src": "MIN",
          "center_x": 233,
          "center_y": 233,
          "pos_x": 233,
          "pos_y": 233,
          "start_angle": 0,
          "end_angle": 360,
          "cover_path": "",
          "cover_x": 0,
          "cover_y": 0,
          "scale": "",
          "scale_x": 0,
          "scale_y": 0
        },
        "Hour": {
          "position": 1,
          "visible": true,
          "show_level": "",
          "src": "HR",
          "center_x": 233,
          "center_y": 233,
          "pos_x": 233,
          "pos_y": 233,
          "start_angle": 0,
          "end_angle": 360,
          "cover_path": "",
          "cover_x": 0,
          "cover_y": 0,
          "scale": "",
          "scale_x": 0,
          "scale_y": 0
        }
      }
    ]
  },
  "ScreenAOD": {
    "Background": {
      "visible": true,
      "BackgroundImage": {
        "position": -1,
        "visible": false,
        "show_level": "",
        "x": 0,
        "y": 0,
        "w": 466,
        "h": 466,
        "src": "BG_4"
      }
    },
    "Elements": [
      {
        "elementName": "ElementBattery",
        "visible": true,
        "Images": {
          "position": 7,
          "visible": false,
          "show_level": "",
          "X": 0,
          "Y": 0,
          "image_length": 0
        },
        "Segments": {
          "position": 6,
          "visible": false,
          "show_level": "",
          "image_length": 0
        },
        "Number": {
          "position": 5,
          "visible": true,
          "align": "RIGHT",
          "show_level": "",
          "imageX": 271,
          "imageY": 299,
          "space": 3,
          "zero": false,
          "img_First": "10",
          "unit": "RAIO",
          "imperial_unit": "",
          "icon": "",
          "iconPosX": 0,
          "iconPosY": 0,
          "invalid_image": "",
          "dot_image": "",
          "follow": false
        },
        "Pointer": {
          "position": 4,
          "visible": false,
          "show_level": "",
          "center_x": 0,
          "center_y": 0,
          "pos_x": 0,
          "pos_y": 0,
          "start_angle": 0,
          "end_angle": 360,
          "cover_x": 0,
          "cover_y": 0,
          "scale_x": 0,
          "scale_y": 0
        },
        "Circle_Scale": {
          "position": 3,
          "visible": false,
          "end_angle": 180,
          "show_level": "",
          "center_x": 0,
          "center_y": 0,
          "start_angle": 0,
          "color": "0xFFFF8C00",
          "radius": 100,
          "line_width": 5,
          "line_cap": "Rounded",
          "mirror": false,
          "inversion": false
        },
        "Linear_Scale": {
          "position": 2,
          "visible": false,
          "show_level": "",
          "start_x": 0,
          "start_y": 0,
          "color": "0xFFFF8C00",
          "lenght": 100,
          "line_width": 5,
          "line_cap": "Flat",
          "mirror": false,
          "inversion": false,
          "vertical": false
        },
        "Icon": {
          "position": 1,
          "visible": false,
          "show_level": "",
          "x": 0,
          "y": 0
        }
      },
      {
        "elementName": "DateWeek",
        "visible": true,
        "Pointer": {
          "position": 2,
          "visible": false,
          "show_level": "",
          "center_x": 0,
          "center_y": 0,
          "pos_x": 0,
          "pos_y": 0,
          "start_angle": 0,
          "end_angle": 360,
          "cover_x": 0,
          "cover_y": 0,
          "scale_x": 0,
          "scale_y": 0
        },
        "Images": {
          "position": 1,
          "visible": true,
          "show_level": "",
          "X": 116,
          "Y": 292,
          "img_First": "32",
          "image_length": 7
        }
      },
      {
        "elementName": "DateYear",
        "visible": true,
        "Number": {
          "position": -1,
          "visible": false,
          "align": "CENTER_H",
          "show_level": "",
          "imageX": 271,
          "imageY": 140,
          "space": 0,
          "zero": true,
          "img_First": "10",
          "unit": "",
          "imperial_unit": "",
          "icon": "",
          "iconPosX": 0,
          "iconPosY": 0,
          "invalid_image": "",
          "dot_image": "",
          "follow": false
        }
      },
      {
        "elementName": "DateMonth",
        "visible": true,
        "Pointer": {
          "position": 3,
          "visible": false,
          "show_level": "",
          "center_x": 0,
          "center_y": 0,
          "pos_x": 0,
          "pos_y": 0,
          "start_angle": 0,
          "end_angle": 360,
          "cover_x": 0,
          "cover_y": 0,
          "scale_x": 0,
          "scale_y": 0
        },
        "Number": {
          "position": 2,
          "visible": false,
          "align": "LEFT",
          "show_level": "",
          "imageX": 0,
          "imageY": 0,
          "space": 0,
          "zero": false,
          "iconPosX": 0,
          "iconPosY": 0,
          "follow": false
        },
        "Images": {
          "position": 1,
          "visible": true,
          "show_level": "",
          "X": 182,
          "Y": 138,
          "img_First": "20",
          "image_length": 12
        }
      },
      {
        "elementName": "DateDay",
        "visible": true,
        "Pointer": {
          "position": 2,
          "visible": false,
          "show_level": "",
          "center_x": 0,
          "center_y": 0,
          "pos_x": 0,
          "pos_y": 0,
          "start_angle": 0,
          "end_angle": 360,
          "cover_x": 0,
          "cover_y": 0,
          "scale_x": 0,
          "scale_y": 0
        },
        "Number": {
          "position": 1,
          "visible": true,
          "align": "CENTER_H",
          "show_level": "",
          "imageX": 147,
          "imageY": 140,
          "space": 0,
          "zero": true,
          "img_First": "10",
          "unit": "",
          "imperial_unit": "",
          "icon": "",
          "iconPosX": 0,
          "iconPosY": 0,
          "invalid_image": "",
          "dot_image": "",
          "follow": false
        }
      },
      {
        "elementName": "DigitalTime",
        "visible": false,
        "Second": {
          "position": 4,
          "visible": false,
          "align": "LEFT",
          "show_level": "",
          "imageX": 0,
          "imageY": 0,
          "space": 0,
          "zero": false,
          "iconPosX": 0,
          "iconPosY": 0,
          "follow": false
        },
        "Minute": {
          "position": 3,
          "visible": true,
          "align": "CENTER_H",
          "show_level": "",
          "imageX": 249,
          "imageY": 176,
          "space": 14,
          "zero": true,
          "img_First": "00",
          "unit": "",
          "imperial_unit": "",
          "icon": "",
          "iconPosX": 0,
          "iconPosY": 0,
          "invalid_image": "",
          "dot_image": "",
          "follow": false
        },
        "Hour": {
          "position": 2,
          "visible": true,
          "align": "CENTER_H",
          "show_level": "",
          "imageX": 101,
          "imageY": 176,
          "space": 14,
          "zero": true,
          "img_First": "00",
          "unit": "",
          "imperial_unit": "",
          "icon": "PONTS",
          "iconPosX": 222,
          "iconPosY": 176,
          "invalid_image": "",
          "follow": false
        },
        "AmPm": {
          "position": 1,
          "visible": true,
          "show_level": "",
          "am_x": 385,
          "am_y": 187,
          "am_img": "AM",
          "pm_x": 385,
          "pm_y": 253,
          "pm_img": "PM"
        }
      },
      {
        "elementName": "AnalogTime",
        "visible": true,
        "show_level": "",
        "Second": {
          "position": 3,
          "visible": true,
          "show_level": "",
          "src": "",
          "center_x": 233,
          "center_y": 233,
          "pos_x": 233,
          "pos_y": 233,
          "start_angle": 0,
          "end_angle": 360,
          "cover_path": "MEIO",
          "cover_x": 220,
          "cover_y": 220,
          "scale": "",
          "scale_x": 0,
          "scale_y": 0
        },
        "Minute": {
          "position": 2,
          "visible": true,
          "show_level": "",
          "src": "MIN",
          "center_x": 233,
          "center_y": 233,
          "pos_x": 233,
          "pos_y": 233,
          "start_angle": 0,
          "end_angle": 360,
          "cover_path": "MEIO",
          "cover_x": 220,
          "cover_y": 220,
          "scale": "",
          "scale_x": 0,
          "scale_y": 0
        },
        "Hour": {
          "position": 1,
          "visible": true,
          "show_level": "",
          "src": "HR",
          "center_x": 233,
          "center_y": 233,
          "pos_x": 233,
          "pos_y": 233,
          "start_angle": 0,
          "end_angle": 360,
          "cover_path": "",
          "cover_x": 0,
          "cover_y": 0,
          "scale": "",
          "scale_x": 0,
          "scale_y": 0
        }
      }
    ]
  }
}